Project_ID,Project_Type,Location,Area_sqft,Floors,Material_Quality,Labor_Cost,Material_Cost,Equipment_Cost,Duration_Months,Contractor_Experience,Inflation_Rate,Weather_Delay_Days,Total_Cost
1001,Commercial,Mumbai,6921.0,2.0,High,859122.0,4213394,847542,30,17,5.6,22,8580465.0
1002,Commercial,Pune,7951.0,5.0,High,1958444.0,5963246,611714,16,7,6.0,9,4752398.0
1003,Industrial,Nashik,2537.0,4.0,Medium,1058149.0,6067132,116757,9,24,6.0,18,2790973.0
1004,Industrial,Mumbai,1986.0,2.0,Low,1476051.0,3319028,802788,10,7,6.6,37,11547767.0
1005,Commercial,Pune,2099.0,6.0,Low,1078429.0,3503752,260548,33,15,5.6,38,6160367.0
1006,Industrial,Pune,8686.0,3.0,High,1908355.0,3997212,1083835,18,13,4.8,32,2571182.0
1007,Commercial,Pune,4960.0,5.0,Low,855667.0,2931856,910651,18,14,6.1,24,3634127.0
1008,Commercial,Pune,6055.0,8.0,High,1969914.0,2640243,1181458,31,3,5.4,7,10499443.0
1009,Commercial,Pune,3740.0,5.0,Medium,421421.0,4043336,819753,22,23,6.7,28,5026915.0
1010,Residential,Nagpur,5278.0,2.0,Medium,1744726.0,1460621,305472,34,15,6.2,17,9501333.0
1011,Commercial,Pune,4828.081632653061,6.0,Medium,260550.0,6570723,104573,12,13,5.8,22,3904487.0
1012,Commercial,Nagpur,6347.0,1.0,High,1251026.0,5392952,1156756,21,25,5.2,3,3954626.0
1013,Commercial,Nagpur,5775.0,8.0,Low,1761174.0,3060441,893584,35,3,7.1,14,2939827.0
1014,Industrial,Nagpur,4728.0,1.0,Medium,838512.0,5351096,1347251,20,9,5.5,25,8194151.0
1015,Commercial,Pune,2116.0,1.0,Medium,1156403.0,1033136,1484177,36,8,6.0,25,5625178.0
1016,Commercial,Nashik,6440.0,8.0,Low,445474.0,4745283,246819,11,25,5.5,18,9149885.0
1017,Commercial,Mumbai,7281.0,5.0,Medium,1459716.0,4776869,1318660,34,18,5.8,10,9263745.0
1018,Commercial,Nashik,8142.0,5.0,Medium,1709226.0,2894721,671084,30,24,5.4,38,1829487.0
1019,Industrial,Pune,2492.0,3.0,High,1022428.0,4828423,1414613,11,23,7.1,17,6404610.0
1020,Residential,Pune,3782.0,3.0,Medium,1773990.0,6855399,159749,30,18,5.5,15,9420067.0
1021,Residential,Nagpur,7040.0,3.0,High,1130565.3501683502,5326050,1456756,22,23,5.3,34,8213796.0
1022,Residential,Pune,4434.0,2.0,Low,1404119.0,6922176,952668,34,12,6.5,0,11152171.0
1023,Commercial,Kolhapur,1104.0,8.0,High,581013.0,2173028,622263,36,10,4.8,7,7458946.0
1024,Industrial,Nashik,6801.0,4.0,Medium,220233.0,2514778,1091098,32,12,5.4,7,1604320.0
1025,Residential,Pune,1723.0,1.0,Low,229303.0,2188060,1185575,7,10,6.3,30,4695952.0
1026,Residential,Pune,1195.0,6.0,Medium,473510.0,6120476,139144,30,14,7.0,1,1966662.0
1027,Residential,Kolhapur,2575.0,6.0,High,1245497.0,4492691,215165,11,19,5.0,3,3926170.0
1028,Commercial,Pune,2124.0,1.0,High,834083.0,2978442,1388139,22,22,7.0,40,11398050.0
1029,Residential,Mumbai,3088.0,3.0,Medium,844732.0,4103896,1204427,14,5,5.2,7,8059670.0
1030,Industrial,Pune,5910.0,8.0,High,1479067.0,4872060,573208,20,16,6.1,13,8765775.0
1031,Industrial,Pune,1425.0,3.0,Medium,1215291.0,4894155,1126039,15,16,6.7,10,1489660.0
1032,Commercial,Mumbai,1591.0,6.0,Low,833567.0,3467066,1437038,24,16,5.8,34,5083630.0
1033,Commercial,Kolhapur,7300.0,3.0,Low,632425.0,3117708,838829,25,3,7.0,28,4127285.0
1034,Commercial,Mumbai,8806.0,4.0,Medium,1866886.0,4292667,1107940,10,25,4.8,14,7332134.0
1035,Commercial,Pune,2870.0,5.0,Medium,1201490.0,3932809,593782,34,25,6.7,8,6263130.0
1036,Commercial,Pune,4828.081632653061,1.0,Low,1231137.0,5484129,1280230,28,25,6.3,33,4520109.0
1037,Commercial,Pune,7316.0,6.0,Low,364547.0,5018271,633323,24,5,6.9,9,9422214.0
1038,Industrial,Kolhapur,8759.0,2.0,Medium,885229.0,6537594,453029,22,20,5.2,37,4288472.0
1039,Residential,Nagpur,3825.0,6.0,High,1833815.0,3544731,1352121,20,2,4.9,24,7704548.0
1040,Industrial,Pune,7402.0,3.0,Medium,228591.0,6216707,532349,18,11,6.4,10,4041118.0
1041,Industrial,Pune,6525.0,5.0,High,1427343.0,4147101,1319499,26,10,6.9,18,5558964.0
1042,Industrial,Nashik,3840.0,7.0,Medium,1051342.0,4058802,772732,15,10,5.1,0,11803281.0
1043,Industrial,Mumbai,4476.0,1.0,High,1457375.0,2404848,719263,33,3,6.3,20,8984636.0
1044,Commercial,Kolhapur,2484.0,5.0,High,591005.0,2602032,1270314,19,10,5.6,16,1510041.0
1045,Residential,Kolhapur,2959.0,7.0,Low,1588367.0,5042870,1436036,31,6,6.3,12,11000784.0
1046,Residential,Nagpur,1700.0,8.0,High,495071.0,4984506,605060,13,2,6.8,2,5075445.0
1047,Residential,Kolhapur,6855.0,6.0,High,1476951.0,6001560,1485497,7,3,5.5,19,5488314.0
1048,Industrial,Kolhapur,2637.0,6.0,Low,1941107.0,5236828,582704,25,3,6.3,37,7080100.0
1049,Residential,Mumbai,2035.0,1.0,Low,1664941.0,6509981,254152,14,5,5.6,10,7660658.0
1050,Industrial,Nagpur,4982.0,2.0,Low,722343.0,5911520,662897,8,21,7.1,34,11545607.0
1051,Industrial,Kolhapur,3518.0,8.0,High,390471.0,5618674,499458,12,14,6.011073825503356,6,9069434.0
1052,Residential,Nashik,5421.0,2.0,Low,331051.0,6567018,491634,29,23,6.8,11,10542140.0
1053,Industrial,Pune,3838.0,5.0,Medium,248808.0,1895016,1477851,36,17,6.1,16,6688646.0
1054,Industrial,Kolhapur,2869.0,7.0,Medium,1240620.0,1452708,991628,10,14,6.1,30,7706030.0
1055,Residential,Nagpur,8118.0,4.0,Low,1455133.0,6500576,860898,36,5,6.5,36,3000571.0
1056,Commercial,Mumbai,8670.0,2.0,High,634850.0,6565509,1235940,32,2,4.9,37,1827587.0
1057,Residential,Mumbai,6831.0,5.0,Low,761153.0,1880241,94817,21,5,5.8,8,1460955.0
1058,Industrial,Kolhapur,7569.0,4.0,High,1980824.0,1795751,844131,22,24,6.2,8,9720823.0
1059,Industrial,Mumbai,8598.0,1.0,Medium,674113.0,5282910,749278,27,17,6.3,36,3337790.0
1060,Industrial,Mumbai,8509.0,1.0,Low,1308445.0,5429158,109034,29,3,7.2,28,4269408.0
1061,Industrial,Pune,4473.0,4.0,High,1921939.0,2973605,1273339,21,2,5.9,40,6721954.44966443
1062,Industrial,Nagpur,8737.0,2.0,Low,886302.0,4999567,161402,19,14,6.0,22,8605218.0
1063,Industrial,Kolhapur,4396.0,3.0,Low,1428416.0,3985107,1490647,13,4,5.7,8,11986075.0
1064,Residential,Nagpur,8720.0,5.0,High,1360565.0,5603184,994777,24,13,6.4,20,2272749.0
1065,Industrial,Nashik,3079.0,8.0,High,573390.0,6627345,1171732,8,10,7.1,10,4246573.0
1066,Industrial,Nashik,1634.0,1.0,Low,930221.0,4954699,732028,22,22,7.0,0,2008329.0
1067,Commercial,Pune,7291.0,2.0,Medium,1852866.0,4663208,124640,34,5,5.8,18,10615834.0
1068,Commercial,Kolhapur,1279.0,2.0,Low,1174885.0,790688,424066,31,8,5.5,10,1081172.0
1069,Commercial,Mumbai,5380.0,2.0,High,1823511.0,3969564,1219985,31,7,5.5,15,8364634.0
1070,Residential,Pune,1886.0,6.0,Low,1427972.0,3192039,311778,17,11,5.9,12,3315078.0
1071,Industrial,Pune,4828.081632653061,6.0,Medium,1344035.0,4742460,1328677,30,14,5.1,32,2862849.0
1072,Commercial,Nashik,8237.0,5.0,High,1816922.0,4691488,568151,18,7,5.5,35,9038254.0
1073,Residential,Nagpur,4408.0,7.0,Low,1514387.0,1127816,238477,18,16,5.3,6,6032767.0
1074,Commercial,Nagpur,3385.0,6.0,Low,572447.0,3452650,370145,13,7,6.5,26,10529760.0
1075,Industrial,Mumbai,3651.0,1.0,Medium,946631.0,6354735,1193658,15,20,6.8,16,5396244.0
1076,Residential,Nagpur,2732.0,4.0,Low,1097702.0,2646052,1486695,30,15,5.8,21,6433991.0
1077,Residential,Pune,3375.0,5.0,Medium,887366.0,6921780,1373961,35,12,6.2,24,9334858.0
1078,Residential,Nagpur,7307.0,3.0,Medium,1677191.0,1039797,438577,8,6,6.3,26,11862665.0
1079,Industrial,Nagpur,3335.0,8.0,High,256036.0,2198232,983803,20,19,4.9,34,11733150.0
1080,Residential,Nashik,7562.0,1.0,Low,1627815.0,5480866,631162,14,22,5.3,32,1957834.0
1082,Residential,Pune,8473.0,2.0,Low,228816.0,3176297,706697,27,20,5.7,22,8278876.0
1083,Residential,Pune,6482.0,1.0,High,1934813.0,2115829,1256730,31,6,5.1,18,2698630.0
1084,Commercial,Nashik,1184.0,7.0,High,221775.0,1435650,178970,20,3,7.1,22,6655905.0
1085,Industrial,Pune,6622.0,4.0,Medium,1664737.0,3929135,700191,33,5,5.0,16,4534903.0
1086,Industrial,Nashik,4324.0,1.0,Low,1044934.0,3188402,128148,36,14,5.8,2,7206986.0
1087,Industrial,Nashik,2960.0,5.0,Low,383113.0,3565714,230633,8,19,6.8,6,2557512.0
1088,Commercial,Pune,1108.0,1.0,High,1346121.0,1524593,985158,17,5,5.9,29,1621235.0
1089,Residential,Kolhapur,5917.0,6.0,High,1534982.0,2958913,392839,25,22,5.6,0,11159229.0
1090,Industrial,Pune,3814.0,2.0,Low,1903015.0,4545900,219854,26,14,5.3,31,1014234.0
1091,Industrial,Pune,5756.0,7.0,Medium,1130565.3501683502,5079228,1114180,32,8,6.8,25,3101358.0
1092,Industrial,Pune,7299.0,6.0,High,1432048.0,4332473,995920,31,2,5.5,19,1768713.0
1093,Industrial,Kolhapur,3714.0,6.0,High,524190.0,4998768,1420675,15,9,6.6,3,10291446.0
1094,Commercial,Pune,1788.0,5.0,High,1556206.0,6737779,993169,20,6,4.8,20,10005744.0
1095,Commercial,Pune,5756.0,8.0,Medium,1702845.0,2162842,569015,11,8,6.7,26,4358023.0
1096,Industrial,Pune,7471.0,7.0,Low,440377.0,881410,425311,36,13,5.4,8,6473361.0
1097,Commercial,Kolhapur,3213.0,5.0,Low,1636927.0,3826000,104808,30,15,6.5,8,11381294.0
1098,Commercial,Mumbai,5339.0,6.0,Low,1485855.0,5995444,487361,22,11,6.3,3,3531444.0
1099,Commercial,Nagpur,2238.0,2.0,Medium,1048414.0,3925589,328304,15,22,5.2,24,3125193.0
1100,Commercial,Pune,6665.0,7.0,Low,1627457.0,5701721,1224802,28,11,5.6,4,10704552.0
1101,Industrial,Pune,6396.0,5.0,Low,1440646.0,919837,609578,25,23,5.2,17,10930572.0
1102,Commercial,Nagpur,7997.0,6.0,High,1495292.0,6853514,1483322,35,4,5.0,25,3506249.0
1103,Residential,Nagpur,4637.0,5.0,Low,1697172.0,3270431,1137649,7,4,5.4,24,7104596.0
1104,Industrial,Pune,3568.0,4.0,Low,1776477.0,5296340,856825,31,25,6.9,21,2982063.0
1105,Residential,Nagpur,8194.0,1.0,Medium,265128.0,2400046,1121836,27,11,6.8,16,6850856.0
1106,Industrial,Nagpur,6844.0,7.0,Low,1331802.0,2247109,627247,12,10,6.1,6,9289764.0
1107,Commercial,Nagpur,4191.0,4.0,Low,1309265.0,6896040,205224,19,10,6.6,2,10866543.0
1108,Residential,Mumbai,1852.0,8.0,High,308371.0,6290226,85156,29,15,5.3,25,11029411.0
1109,Residential,Nashik,3086.0,1.0,Low,1382908.0,1536195,280063,13,25,6.5,2,4233801.0
1110,Industrial,Kolhapur,1377.0,1.0,High,745993.0,6660315,720340,8,4,5.9,4,6128814.0
1111,Industrial,Nagpur,4292.0,4.0,Medium,699806.0,3668616,1143854,32,6,6.1,2,7272579.0
1112,Industrial,Mumbai,5383.0,4.0,Low,1281659.0,3018733,836420,33,6,5.6,3,10038758.0
1113,Industrial,Mumbai,3342.0,2.0,Low,1823501.0,3215073,203267,26,20,5.5,27,1584725.0
1114,Industrial,Mumbai,4549.0,3.0,Medium,1559622.0,1178692,1213454,13,11,6.0,37,7753403.0
1115,Residential,Mumbai,7174.0,5.0,Medium,986676.0,5882343,538399,28,2,5.4,23,4701239.0
1116,Residential,Pune,8348.0,7.0,Low,769229.0,4840866,510134,10,17,6.8,8,3744690.0
1117,Commercial,Pune,4470.0,2.0,Low,753030.0,6710646,1116724,34,16,5.4,24,9182907.0
1118,Commercial,Pune,2920.0,2.0,High,1336489.0,3347188,1332870,10,4,7.2,24,11830833.0
1119,Industrial,Nashik,1426.0,2.0,Medium,1588576.0,6100178,744230,9,18,5.4,5,4416438.0
1120,Commercial,Mumbai,3396.0,5.0,Medium,440410.0,842257,1063072,27,12,6.3,33,7307984.0
1121,Commercial,Pune,4828.081632653061,2.0,Low,1638759.0,1841192,597857,25,22,6.8,2,6189676.0
1122,Industrial,Mumbai,5654.0,4.0,Medium,1087527.0,1148252,290821,8,4,6.4,22,11853233.0
1123,Commercial,Nagpur,1835.0,2.0,Low,1512126.0,5760424,1134425,9,9,7.1,31,11738784.0
1124,Industrial,Pune,1565.0,2.0,Medium,1552363.0,2800583,1354715,29,6,5.3,15,4981249.0
1125,Commercial,Nagpur,7571.0,7.0,Low,468265.0,5415904,1066789,17,3,6.6,35,9737417.0
1126,Residential,Mumbai,5311.0,5.0,High,1463500.0,5811857,424211,33,18,6.4,22,11474987.0
1127,Industrial,Nagpur,5924.0,1.0,Medium,623097.0,5275809,410382,21,3,5.3,18,10991725.0
1128,Residential,Nagpur,5981.0,6.0,High,1417514.0,4605217,843751,33,13,7.1,5,6814353.0
1129,Commercial,Kolhapur,7508.0,4.0,High,876904.0,3660089,360077,8,23,7.1,21,2521962.0
1130,Industrial,Pune,1327.0,4.0,High,1385269.0,4785106,848230,35,13,7.1,36,9260467.0
1131,Industrial,Nashik,5230.0,5.0,Medium,1816829.0,6575788,163886,29,3,6.6,8,7238412.0
1132,Commercial,Kolhapur,1307.0,5.0,Low,634312.0,2689058,410346,19,14,7.1,25,8955107.0
1133,Industrial,Kolhapur,8675.0,4.0,Low,1415941.0,3145950,203720,18,18,6.1,28,2227799.0
1134,Commercial,Pune,8050.0,4.0,High,1421707.0,2366248,1051216,35,22,6.1,20,11675899.0
1135,Residential,Pune,4467.0,5.0,Medium,1232461.0,4881231,910589,10,8,6.3,35,7218621.0
1136,Industrial,Nagpur,5662.0,1.0,Low,224446.0,5352826,551365,34,6,7.0,12,10768549.0
1137,Residential,Pune,2229.0,7.0,Low,1393850.0,6458728,1469346,21,25,6.7,2,8738258.0
1138,Industrial,Nagpur,6917.0,1.0,Medium,684010.0,6588843,930528,36,5,5.5,37,3037475.0
1139,Residential,Nashik,3553.0,6.0,Medium,1241704.0,3696525,1339348,18,25,5.3,2,4924023.0
1140,Industrial,Nashik,4556.0,5.0,High,242644.0,6726518,1004314,8,25,5.4,14,5416820.0
1141,Residential,Mumbai,7128.0,2.0,Medium,461666.0,3782261,615933,16,6,6.0,1,5292139.0
1142,Residential,Mumbai,4428.0,7.0,High,1558407.0,6229647,428433,6,19,6.4,35,9973399.0
1143,Industrial,Nagpur,1132.0,4.0,High,1722927.0,2630455,873163,14,8,6.9,19,1126877.0
1144,Residential,Nashik,7098.0,4.0,Medium,237672.0,2908342,1177711,33,25,7.1,33,3777837.0
1145,Residential,Nagpur,2574.0,4.0,Low,735039.0,3521826,1454284,15,12,5.5,26,7807943.0
1146,Residential,Pune,6029.0,3.0,Medium,1997558.0,6704647,930252,7,11,5.6,14,9089565.0
1147,Commercial,Nashik,8480.0,1.0,Medium,299458.0,5512120,987088,24,24,7.2,5,3322728.0
1148,Industrial,Pune,7407.0,7.0,High,1753423.0,5878304,958063,31,14,5.4,22,9322866.0
1149,Industrial,Nagpur,1300.0,3.0,Medium,262367.0,6530386,777330,9,8,4.9,0,10884719.0
1150,Residential,Nashik,1383.0,2.0,Medium,1626465.0,3860322,1058324,6,11,6.4,33,7913461.0
1152,Commercial,Nashik,3221.0,8.0,High,367252.0,5983785,325661,29,13,5.5,19,6615152.0
1153,Commercial,Pune,5472.0,2.0,Medium,1643606.0,5070415,1388295,28,19,5.7,3,6405791.0
1154,Residential,Nagpur,6006.0,7.0,High,290819.0,1679382,936398,24,13,6.4,10,9133399.0
1155,Industrial,Pune,3106.0,3.0,Medium,1819734.0,5018074,117514,25,11,5.3,25,10582153.0
1156,Residential,Nagpur,1065.0,4.0,Medium,514476.0,3590161,1266563,35,16,7.0,1,4922995.0
1157,Commercial,Pune,7308.0,2.0,Medium,428055.0,2717030,114958,30,20,5.3,33,8642198.0
1158,Commercial,Nashik,2038.0,3.0,Medium,1123415.0,5201340,490156,12,5,7.2,29,10856940.0
1159,Commercial,Pune,2290.0,5.0,High,1858147.0,6349858,823280,23,10,5.9,3,11141037.0
1160,Commercial,Mumbai,966.0,2.0,Low,1850693.0,5536416,1115942,20,15,7.1,5,11726237.0
1161,Residential,Pune,6688.0,4.0,Medium,1113979.0,5574399,1258702,33,3,5.9,26,3014276.0
1162,Commercial,Mumbai,4645.0,8.0,High,353694.0,4195642,810192,29,22,7.2,23,11063454.0
1163,Industrial,Nagpur,8624.0,2.0,High,1950335.0,1295477,484066,30,15,6.3,16,1965072.0
1164,Industrial,Pune,1841.0,8.0,High,722827.0,3946187,1394324,26,16,6.2,35,7233821.0
1165,Commercial,Pune,4130.0,6.0,Medium,1315583.0,1986562,1171531,15,18,5.7,5,8465757.0
1166,Residential,Nagpur,7897.0,5.0,Low,1603302.0,6764169,996486,19,11,6.4,24,11210633.0
1167,Commercial,Nagpur,2351.0,2.0,Low,262378.0,1600366,693058,30,10,6.1,31,8172459.0
1168,Industrial,Mumbai,3533.0,1.0,High,1706046.0,977708,1008619,7,24,7.1,21,2030741.0
1169,Industrial,Pune,6213.0,1.0,Low,240243.0,4419201,1277834,32,19,6.0,11,2857440.0
1170,Industrial,Pune,8412.0,6.0,Low,391270.0,6888436,451858,27,20,6.5,4,6420165.0
1171,Industrial,Nashik,3579.0,8.0,Low,702173.0,4645404,1267479,25,6,6.2,28,9816438.0
1172,Commercial,Kolhapur,2929.0,6.0,Medium,1629873.0,3611308,1257115,33,9,6.5,28,5707166.0
1173,Industrial,Nagpur,5440.0,5.0,Medium,206757.0,2348731,519026,13,11,6.1,28,3695567.0
1174,Industrial,Pune,3632.0,2.0,Low,1525840.0,5924523,1036272,26,18,5.2,7,5015290.0
1175,Industrial,Nashik,1086.0,6.0,Low,939042.0,5152047,730058,29,10,6.8,15,1750213.0
1176,Residential,Nashik,2979.0,2.0,Medium,1007182.0,5997822,805401,7,2,7.2,39,7227336.0
1177,Residential,Nashik,7969.0,5.0,High,1616347.0,6544288,346088,6,6,6.0,29,1293448.0
1178,Residential,Nashik,5503.0,1.0,Medium,957608.0,4036690,1194735,9,23,5.7,40,6226388.0
1179,Commercial,Nashik,8673.0,1.0,Low,515881.0,4555917,508608,11,15,7.0,21,4835366.0
1180,Commercial,Kolhapur,5593.0,4.0,Low,766817.0,3477272,550696,20,12,5.8,17,10740180.0
1181,Industrial,Pune,4828.081632653061,3.0,High,929301.0,1585508,960766,22,18,4.8,35,4916217.0
1182,Residential,Mumbai,2134.0,3.0,Medium,902423.0,1738346,724400,30,24,5.6,33,5725302.0
1183,Industrial,Nashik,4971.0,1.0,High,657823.0,3103553,1102156,29,18,5.2,34,10341775.0
1184,Residential,Nashik,8692.0,4.0,High,445951.0,5504212,892128,10,10,5.4,21,7305865.0
1185,Commercial,Pune,3493.0,3.0,Low,581910.0,6039741,488905,28,3,5.4,4,9754841.0
1186,Commercial,Pune,4085.0,2.0,High,1818464.0,4714067,886403,36,11,6.7,23,11402473.0
1187,Residential,Pune,7456.0,2.0,High,1504798.0,3143569,1386275,20,24,6.8,22,11995446.0
1188,Residential,Nagpur,1930.0,5.0,High,1191173.0,2727013,516648,15,6,6.9,32,10599110.0
1189,Industrial,Kolhapur,6543.0,4.0,Medium,769424.0,3997783,405082,31,19,6.2,12,1958089.0
1190,Commercial,Kolhapur,2186.0,8.0,Low,438010.0,5741586,99237,22,10,6.9,0,2146963.0
1191,Industrial,Mumbai,3079.0,5.0,Low,1108958.0,4226803,248653,28,10,6.0,6,6538644.0
1192,Residential,Nashik,8435.0,5.0,Low,1465859.0,3466218,1267404,12,2,6.0,30,3739343.0
1193,Commercial,Nashik,8556.0,4.0,High,1937813.0,3790558,1265652,36,23,5.4,38,10808198.0
1194,Residential,Nashik,5446.0,7.0,Medium,1384372.0,6000147,1294044,28,7,5.8,26,1486919.0
1195,Residential,Nagpur,8823.0,4.0,Medium,569350.0,2049129,653032,18,6,6.6,8,2384705.0
1196,Residential,Nashik,7527.0,8.0,Low,227545.0,3064485,1185181,27,15,6.1,3,2763012.0
1197,Residential,Nagpur,3758.0,8.0,Medium,1913669.0,2773451,666264,24,24,6.2,12,4819229.0
1198,Commercial,Mumbai,955.0,6.0,High,923181.0,1030425,1273816,12,25,6.0,22,5495433.0
1199,Residential,Pune,7221.0,6.0,High,414514.0,3165375,231275,28,25,5.3,39,3209278.0
1200,Residential,Nashik,1352.0,5.0,Low,1217937.0,2684639,1079252,22,23,5.3,34,6800191.0
1201,Industrial,Nashik,2495.0,2.0,Medium,1626506.0,1339927,233074,23,14,5.9,39,3241693.0
1202,Residential,Mumbai,4338.0,2.0,Medium,1779884.0,3803976,478919,28,6,5.6,30,5546088.0
1203,Industrial,Pune,7642.0,7.0,Medium,1530974.0,2987456,703799,21,5,5.5,16,7402158.0
1204,Residential,Pune,3258.0,3.0,Low,933760.0,4878079,691780,21,21,7.1,39,5972287.0
1205,Industrial,Nashik,2858.0,5.0,High,991975.0,2877555,638327,26,22,4.9,17,11057845.0
1206,Industrial,Pune,7955.0,8.0,Medium,1883010.0,2873847,974366,21,10,6.0,37,11595496.0
1207,Residential,Pune,3453.0,5.0,Medium,1986399.0,3183405,285865,36,4,6.2,2,4423413.0
1208,Residential,Pune,6987.0,1.0,Low,204550.0,1444897,1156064,20,19,4.9,10,11191007.0
1209,Residential,Pune,2897.0,2.0,Medium,1478615.0,3124953,1275341,21,6,5.2,31,11824596.0
1210,Commercial,Pune,8472.0,5.0,Medium,701629.0,3796036,849931,20,2,6.6,19,10137585.0
1211,Residential,Kolhapur,4403.0,6.0,Low,1180348.0,2052442,678938,8,5,6.3,39,10497271.0
1212,Residential,Mumbai,5392.0,2.0,High,1987956.0,3012406,1463711,9,25,7.1,12,8128903.0
1213,Industrial,Mumbai,7614.0,7.0,Low,1347116.0,2433800,1088607,27,12,5.3,8,7641932.0
1214,Industrial,Nagpur,7466.0,6.0,High,659903.0,3316895,102484,35,24,5.4,11,7141060.0
1215,Residential,Pune,3714.0,4.0,High,869435.0,4623995,925119,33,16,5.5,1,5283927.0
1216,Commercial,Kolhapur,4974.0,6.0,High,1995380.0,5676208,230628,14,14,5.5,5,9556206.0
1217,Residential,Nashik,7652.0,3.0,Medium,541075.0,2661374,529528,32,7,5.8,17,3951491.0
1218,Residential,Kolhapur,5066.0,3.0,Low,901322.0,1542630,764929,24,11,5.2,28,7679548.0
1219,Residential,Pune,3691.0,2.0,Medium,471596.0,4864560,1451319,9,4,5.3,14,4719845.0
1220,Residential,Kolhapur,4332.0,3.0,Medium,1267965.0,5149301,863295,36,13,7.2,38,8401836.0
1221,Residential,Nashik,4664.0,4.208053691275167,Low,1791097.0,1480598,1302543,14,15,4.9,14,2940038.0
1222,Residential,Pune,6667.0,8.0,Medium,810128.0,6705131,814621,11,20,4.9,8,7906859.0
1223,Industrial,Nagpur,5586.0,3.0,High,1132693.0,6085329,257578,20,14,5.7,29,1673022.0
1224,Commercial,Nagpur,2067.0,8.0,Medium,337478.0,4973930,1366604,14,25,5.4,34,9465151.0
1225,Residential,Nagpur,5358.0,8.0,Medium,826921.0,4541470,1308867,8,25,7.1,39,11538993.0
1226,Industrial,Mumbai,2247.0,3.0,High,1912222.0,1419953,777210,28,16,7.2,23,5492745.0
1227,Residential,Pune,3220.0,5.0,Medium,1981195.0,6390043,721911,23,5,6.9,34,2511318.0
1228,Commercial,Pune,1215.0,8.0,Low,1567806.0,4038941,1132478,19,18,5.9,29,1238453.0
1229,Commercial,Nashik,3900.0,3.0,Medium,994249.0,6178003,1303581,7,5,6.9,2,10240472.0
1230,Commercial,Pune,3038.0,6.0,Medium,829089.0,5605800,800140,21,13,6.2,16,1677351.0
1231,Industrial,Nagpur,3932.0,1.0,Medium,842068.0,1193594,449415,19,20,5.3,27,2005621.0
1232,Residential,Nashik,8383.0,8.0,High,445549.0,2829983,1102056,6,7,5.5,22,5685311.0
1233,Residential,Nagpur,7282.0,4.0,Low,1223295.0,5424143,1160279,13,9,4.8,7,10187952.0
1234,Industrial,Nashik,3670.0,8.0,Low,1602442.0,1958546,143015,17,20,6.5,18,8872236.0
1235,Industrial,Pune,8390.0,1.0,Medium,1707511.0,3654828,1375423,18,24,6.0,16,1993580.0
1236,Commercial,Pune,8457.0,2.0,Medium,1878134.0,6058664,1438090,17,12,4.9,36,10229940.0
1237,Commercial,Kolhapur,3170.0,1.0,Medium,1218086.0,4371875,326248,30,17,5.5,11,2520135.0
1238,Industrial,Nashik,4352.0,4.0,Medium,1097495.0,5225154,1214390,7,2,4.8,7,6330395.0
1239,Industrial,Mumbai,5379.0,3.0,Medium,1201016.0,2079626,351181,28,23,5.1,5,10158579.0
1240,Commercial,Nashik,2774.0,2.0,High,1821986.0,6790306,863566,8,14,7.2,29,9470605.0
1241,Commercial,Kolhapur,4477.0,8.0,Low,888335.0,6092792,1452966,36,4,6.7,38,2311043.0
1242,Commercial,Pune,5422.0,3.0,High,992443.0,6293442,867752,19,19,5.2,2,2482691.0
1243,Commercial,Pune,3948.0,1.0,Low,233541.0,2104865,1274431,21,17,5.3,5,10280202.0
1244,Commercial,Pune,5195.0,3.0,Low,1545387.0,3739478,361807,26,3,5.8,4,10191690.0
1245,Commercial,Pune,3430.0,8.0,Medium,1976839.0,3899487,1352173,16,7,5.9,22,7039853.0
1246,Residential,Pune,6280.0,5.0,Medium,1115084.0,5323351,937297,24,11,6.9,7,10527580.0
1247,Commercial,Kolhapur,1990.0,5.0,High,1008027.0,1096617,1361000,35,5,5.4,30,10558361.0
1248,Residential,Kolhapur,6530.0,3.0,Low,1164976.0,5302450,144464,24,4,6.9,27,3125849.0
1249,Residential,Pune,4872.0,8.0,Low,1907582.0,2125512,539586,23,10,5.4,32,1336762.0
1250,Industrial,Nashik,8873.0,4.0,High,1028409.0,956686,779037,31,22,4.9,21,6468179.0
1251,Industrial,Mumbai,1754.0,1.0,High,1108860.0,1266605,407271,18,7,6.8,22,3684769.0
1252,Commercial,Nashik,3366.0,4.0,Medium,1980567.0,827771,372723,10,15,4.8,14,8850028.0
1253,Industrial,Nashik,2023.0,8.0,Low,1651980.0,2689519,1110267,24,10,5.6,12,7239110.0
1254,Industrial,Pune,5884.0,3.0,Medium,954626.0,4670306,802448,12,20,6.6,13,9772854.0
1255,Industrial,Pune,7878.0,3.0,High,577400.0,6258087,929923,12,15,6.6,23,5899906.0
1256,Commercial,Mumbai,5196.0,7.0,Low,888305.0,1525428,606341,17,8,5.7,28,10847079.0
1257,Residential,Pune,2625.0,8.0,Low,1823080.0,6495388,496158,33,11,5.1,16,6398398.0
1258,Residential,Mumbai,1710.0,6.0,Medium,803277.0,3633553,333607,11,22,5.6,3,2921251.0
1259,Residential,Nashik,2922.0,6.0,Medium,1069469.0,3065455,992439,24,15,5.9,34,3034274.0
1260,Commercial,Kolhapur,2998.0,1.0,Low,1206677.0,2765733,666780,10,15,6.0,4,6918885.0
1261,Residential,Nashik,3753.0,4.0,High,401938.0,5502031,299764,29,22,6.5,7,11907206.0
1262,Commercial,Nashik,5904.0,1.0,High,580811.0,705147,1372739,34,16,6.2,33,9646720.0
1263,Industrial,Pune,4645.0,4.0,High,1858882.0,5504233,558126,26,22,4.9,18,10903107.0
1264,Commercial,Nagpur,3702.0,5.0,Medium,1998286.0,1063276,795960,31,20,6.8,37,8128264.0
1265,Industrial,Pune,5887.0,2.0,Low,1457046.0,1321730,448126,30,2,7.0,4,6991765.0
1266,Residential,Nashik,4824.0,1.0,High,373781.0,5032269,334201,23,17,7.1,24,4050052.0
1267,Commercial,Kolhapur,6577.0,7.0,Low,1012462.0,5053016,1170972,36,18,6.3,36,10721223.0
1268,Residential,Pune,4452.0,6.0,Medium,607622.0,6145830,882551,9,2,6.9,39,6856433.0
1269,Residential,Nashik,8987.0,2.0,Medium,989928.0,4614768,950432,6,3,4.9,19,10253293.0
1270,Commercial,Mumbai,5955.0,4.0,High,1503770.0,5426610,1300074,11,2,6.4,8,8028247.0
1271,Commercial,Mumbai,4430.0,4.0,Low,975192.0,5871073,713909,12,23,6.0,18,5212258.0
1272,Commercial,Nashik,8173.0,6.0,Medium,493703.0,6036460,698830,29,2,6.5,12,10548232.0
1273,Residential,Kolhapur,3687.0,8.0,High,929680.0,4109864,1389692,13,7,6.5,39,3461752.0
1274,Residential,Pune,7729.0,8.0,Low,672564.0,886911,666498,8,7,5.9,38,3835923.0
1275,Commercial,Nagpur,7385.0,7.0,Low,1590554.0,5516584,1262115,28,13,6.5,31,8188258.0
1276,Residential,Pune,5204.0,4.0,Medium,1640880.0,5183153,265414,19,4,5.3,11,3049468.0
1277,Residential,Pune,7105.0,5.0,Low,333254.0,2417785,505941,19,11,6.9,12,8246680.0
1278,Commercial,Nashik,3867.0,1.0,High,1673780.0,996063,1472806,10,22,5.5,38,1548143.0
1279,Residential,Kolhapur,1798.0,1.0,High,966615.0,6767068,363729,29,13,5.8,14,4898962.0
1280,Industrial,Pune,5908.0,1.0,High,1558046.0,3116934,757052,16,21,7.1,25,5536307.0
1281,Commercial,Mumbai,4926.0,6.0,High,1306737.0,953602,834702,32,6,6.2,39,7265084.0
1282,Industrial,Pune,1189.0,4.0,High,1010724.0,6156824,529391,25,19,6.3,0,11474132.0
1283,Residential,Nagpur,7942.0,1.0,Low,626997.0,6122955,962954,25,13,6.8,11,4472409.0
1284,Commercial,Nashik,8300.0,2.0,Low,686621.0,3133481,1241206,32,12,7.0,19,9206910.0
1285,Commercial,Kolhapur,2187.0,2.0,Medium,535098.0,4132252,935895,30,16,5.2,24,6392270.0
1286,Commercial,Mumbai,4822.0,1.0,Medium,613089.0,1625519,431357,30,5,5.6,17,8129669.0
1287,Residential,Kolhapur,2864.0,4.0,Medium,268770.0,1798335,928797,30,7,6.6,15,5150418.0
1288,Residential,Pune,4474.0,8.0,High,1435141.0,2772616,526376,28,18,6.3,37,6587336.0
1289,Industrial,Pune,1865.0,8.0,High,773118.0,5907250,484085,34,25,5.6,22,7363839.0
1290,Residential,Pune,1518.0,5.0,Low,431171.0,6387088,1325088,20,6,5.7,31,2841144.0
1291,Residential,Kolhapur,1004.0,1.0,Low,787632.0,6816035,1342076,21,18,5.5,0,4181593.0
1292,Residential,Pune,6006.0,1.0,Medium,1753756.0,3526882,113383,35,5,5.1,35,7538086.0
1293,Industrial,Kolhapur,4427.0,3.0,Low,1712177.0,6043405,670583,36,8,4.8,27,6313029.0
1294,Residential,Mumbai,8052.0,7.0,Medium,1735392.0,3182344,579692,12,24,5.1,35,6049574.0
1295,Industrial,Kolhapur,5821.0,2.0,Low,1074524.0,6091655,1010066,20,6,7.0,0,11483154.0
1296,Commercial,Nashik,1034.0,7.0,Medium,1814835.0,2054215,398504,18,24,6.9,13,9640626.0
1297,Commercial,Nagpur,7431.0,2.0,Low,1727239.0,5077452,1240176,29,12,5.6,31,3061366.0
1298,Residential,Nashik,6385.0,3.0,High,1060677.0,2429251,1303750,19,5,5.4,15,6182920.0
1299,Commercial,Kolhapur,7381.0,3.0,Medium,1816181.0,2905598,1034417,21,8,5.5,0,2657259.0
1300,Commercial,Pune,1773.0,8.0,High,1124262.0,6535200,783699,16,21,5.2,11,10842683.0
